title,text,subject,date
ABOUT HILLARY’S COUGH: We Discovered The Secret To Why She Keeps Coughing [Video], ,politics,"Jul 20, 2016"
BREAKING: OBAMACARE REPEAL Clears First Hurdle…Dems Get Snarky,"The Senate voted 51-48 this afternoon to proceed to the resolution, S. Con. Res. 3, which would set up a filibuster-proof process, ensuring the chamber s consideration of legislation repealing parts of Obamacare and replacing it, either as one bill or as separate measures.The 54-page document, unveiled yesterday by Budget Chairman Mike Enzi, directs committees of jurisdiction to come up with Affordable Care Act legislation by Jan. 27, meaning a repeal bill could be to Donald Trump s desk by the end February, lawmakers said today.The House Ways and Means and Energy and Commerce as well as the Senate Finance and Health, Education, Labor, and Pensions committees are charged with drafting the legislation.Senate action came as Obama and Pence both headed to the Capitol to meet with their respective parties to discuss efforts to preserve or undo the health-care law. House Ways and Means Chairman Kevin Brady of Texas said that an Obamacare replacement proposal would be laid out on a step-by-step basis and could be fully written by the August recess.The Obama administration immediately hit back with the comment that the Senate vote was passed by a  pretty narrow margin Josh Earnest went on to say that the Republicans will be responsible for the ensuing chaos LOL! Via: ZH",politics,"Jan 4, 2017"
‘SLEEPY’ JUSTICE GINSBURG: Excites Crowd By Saying She’d Back Abolition Of The Electoral College [Video],So much for the SCOTUS not being political Check out her comments on equality for women. It s like she s time traveled back to the 50 s. What is the deal with these women that think we re still in the dark ages!,left-news,"Feb 7, 2017"
 WATCH: Kellyanne Conway Very Upset Hillary Clinton Is Not Doing Trump’s Job,"White House counselor Kellyanne Conway crawled out of her crypt after two weeks in hiding to attack Hillary Clinton who is totally not the President. Former reality show star Donald Trump was sworn in 216 days ago (seems longer, huh?) and his administration is still talking about his former rival. It s not too surprising since Trump is still in campaign mode, holding rallies, likely because he still doesn t know how to President.On Thursday, Conway appeared on  Fox & Friends  to lash out at Trump s critics, the media, and Hillary Clinton for daring to write a book because books are bad, apparently. Where s her big c4 trying to help women and children around the globe?  Conway asked as if the Clinton Foundation which helps women and children around the globe does not exist.Conway then just wondered why Clinton is not doing Trump s job. Where s her bipartisan effort to try to help with infrastructure and meaningful tax reform, or the opioid crisis that I work on in the building behind me every single day?  Conway asked.Trump s policies and attempted legislation have failed to pass. There s been an exodus of staffers at various councils after his appalling speech on the Charlottesville attack which left one dead and 19 others injured. Thanks, Hillary!Someone, please tell Trump that Hillary Clinton is not holding an elected office. Passing infrastructure bills and handling the opioid crisis is all on Trump. Eradicating Obamacare would have a devastating effect on those suffering from the disease of addiction who wish to get treatment. Thanks again, Hillary.Conway then claimed that Hillary Clinton  failed to make history,  even though she won the popular vote and was the first woman to become the presidential nominee of a major party in the U.S.Watch: It s way over the line.   @KellyannePolls reacts to James Clapper questioning Pres. Trump s fitness for office pic.twitter.com/w4Db17t6g5  FOX & friends (@foxandfriends) August 24, 2017But Trump has tried to claim repeatedly that he won the popular vote (he did not win the popular vote) but thanks for weighing in, Kellyanne. Back to the crypt with you!Image via screen capture. ",News,"August 24, 2017"
" GOP Gives Trump The Middle Finger, Prepares To Launch Probe Into Russia","Donald Trump may have decided that Russia is going to be America s new BFF, but the rest of the GOP isn t so sure. Going against the incoming administration, several Republicans are preparing to launch a wide-ranging investigation into Russia, particularly their involvement with hacking and alleged interference in the presidential election.The Washington Post reported:Senate Armed Services Committee Chairman John McCain (Ariz.) is readying a probe of possible Russian cyber-incursions into U.S. weapons systems, and he said he has been discussing the issue with Senate Select Intelligence Committee Chairman Richard Burr (N.C.), with whom he will be  working closely  to investigate Russia s suspected interference in the U.S. elections and cyberthreats to the military and other institutions. Senate Majority Leader Mitch McConnell (R-Ky.) has been apprised of the discussions. Burr did not respond to requests for comment.Senate Foreign Relations Committee Chairman Bob Corker (R-Tenn.) also said he intends to hold hearings next year into alleged Russian hacking. Corker is on Trump s shortlist for secretary of state, according to the Trump transition team.Two of the most vocal voices on team Probe Putin are McCain and Sen. Lindsey Graham.Graham said that Russia will  keep doing more here until they pay a price.  Next year, he plans to head up legislation and hold investigative hearings on  Russia s misadventures throughout the world,  which will absolutely include Russian interference in the U.S. election. I m going after Russia in every way you can go after Russia. I think they re one of the most destabilizing influences on the world stage. I think they did interfere with our elections, and I want Putin personally to pay the price,  Graham told CNN on Wednesday.McCain said his Armed Services Committee is going to be investigating Russia s cyber capabilities and the extent that they could be used against the U.S. military and our weapons systems,  because the real threat is cyber.  McCain added that this investigation will probably veer off to include looking at the possibility Russia was behind the DNC hacking. Also on the list to be probed is the hacking of state-based election systems, including that of Arizona, McCain s home state. See, the problem with hacking is that if they re able to disrupt elections, then it s a national security issue, obviously,  McCain said on Thursday.He noted that the Armed Services Committee was  still formulating  just exactly how they would go about dealing with the issue, but said   there s very little doubt  that Russia was meddling in the U.S. election process, which he insists is very worthy of examination. Trump has dismissed the possibility that Russia was responsible for the DNC hacking, despite the fact that he himself called on the country to find  Hillary Clinton s missing emails. I don t believe they interfered,  Trump said.  It could be Russia. And it could be China. And it could be some guy in his home in New Jersey. I believe that it could have been Russia and it could have been any one of many other people. Sources or even individuals. Featured image via Joe Raedle/Getty Images and Thierry Chesnot/Getty Images. Images merged by Rika Christensen",News,"December 9, 2016"
 Trump Displays Incredible Ignorance Yet Again — Claims Credit For Term Coined Over A Hundred Years Ago,"Have you ever wondered where a phrase started? How about the phrase  prime the pump?  It is widely considered to mean the use of government money to get a project going. While it dates back to the 1800s, President Donald Trump is now claiming that he invented the phrase. In reality, the use of the phrase  prime the pump  predates Trump s own birth by a hundred years, and the use of it in the current economic sense has existed since the 1930s.In a recent conversation with The Economist, this exchange happened (they were talking about Trump s tax plan):The Economist: But beyond that it s OK if the tax plan increases the deficit? Trump: It is OK, because it won t increase it for long. You may have two years where you ll you understand the expression  prime the pump ? The Economist: Yes. Trump: We have to prime the pump. The Economist: It s very Keynesian. Trump: We re the highest-taxed nation in the world. Have you heard that expression before, for this particular type of an event? The Economist: Priming the pump? Trump: Yeah, have you heard it? The Economist: Yes. Trump: Have you heard that expression used before? Because I haven t heard it. I mean, I just I came up with it a couple of days ago and I thought it was good. It s what you have to do.According to The Free Dictionary:Prime the Pump: Encourage the growth or action of something, as in  Marjorie tried to prime the pump by offering some new issues for discussion.  In the late 1800s this expression originally was used for pouring liquid into a pump to expel the air and make it work. In the 1930s it was applied to government efforts to stimulate the economy and thereafter was applied to other undertakings.It is hardly surprising that a) Trump had never heard this phrase, as it is rarely used on Twitter and b) he would take credit for it. In a week with so many gaffes, lies and just strange behavior, this may not be as big an issue but it s clear how little this man knows and how little he understands the world and reality that the rest of us live in. Another explanation could be that Trump is much, much older than we have been led to believe and has gone completely senile.Featured image via Photo by Joe Raedle/Getty Images.",News,"May 11, 2017"
 Anthony Bourdain Reveals The ‘ONE Good Thing’ About Trump And It’s HILARIOUS,"While Donald Trump is currently freaking out because he hasn t been able to find anyone to perform at his inauguration (which is just a few short weeks away at this point), master chef Anthony Bourdain is making sure he rubs salt in Trump s open wounds.Never one to mince his words, Bourdain first asserted himself as an anti-Trump celebrity when he was asked if he d ever dine with Trump during his presidential campaign. Bourdain s reply was blunt and brutal   he said, Absolutely f*cking not. And Bourdain hasn t changed his tone about Trump, not even after the phony business mogul has been elected. In a recent interview with Eater s Helen Rosner, Bourdain further confirmed that he is as anti-Trump as ever. During the interview, Bourdain clearly stated that he was concerned about what Trump s presidency meant for his daughter   rightfully so, as any parent should be. But while Trump s presidency means horrible things for many people who aren t rich white men, Bourdain was able to find one silver lining.In stating that he would never attend Trump s White House Correspondents  dinner, Bourdain stated that at least Trump would probably put an end to it. He said: I doubt there will be another. Thank god, that s an institution I d like to see die for years. If there s one good thing to come out of the Trump administration, let it be that there will be no more White House Correspondents  dinners. It reinforces all the world s worst notions about the hideous, inside-the-beltway, all-in-it-together culture. It brings honor to no one to have Kim Kardashian or Tara Reid sitting there next to a news anchor. What is this all about? F*ck that. If I m gonna make fun of you today, I m not accepting your food tomorrow. I had dinner with President Obama, but I paid. We were offered Air Force One, and I said,  There s no way. No way. Well, he s probably right. Not only would there be several empty seats, but the only people who would actually attend would be swamp monsters just like Trump. This is surely going to be one sour reminder to Trump that he is extremely unpopular and will never be accepted in the way that President Barack Obama was embraced by most of America. You can read the rest of Bourdain s anti-Trump interview on Eater.Featured image via Astrid Stawiarz / Getty Images",News,"December 22, 2016"
TRUMP HITS BACK After Cowgirl Congresswoman Trashes Him Over Words Said to Grieving Widow,"The left is going ballistic over supposed words said by President Trump to a grieving military widow.  President Trump made a call to Myeshia Wilson that s been turned into a political football by the left to make Trump out to be  crazy . Wilson s husband was killed in Niger while serving in our military so President Trump was making a sympathy call to Mrs. Wilson. Unfortunately, Wilson s family has been put in the middle of an effort to bash Trump.The media also wasted no time covering this story. They re doing their best to try and make Trump look as bad as possible Just another day in the life of the lefty media.Far left Congresswoman  Frederica Wilson jumped right in to trash Trump after the call. She s following the left s narrative by claiming Trump is a  sick man .  It s pretty funny that Wilson calls Trump crazy while wearing a glittery cowgirl hat 24/7.The  Resist  movement includes Wilson who refused to go to Trump s inauguration. Wilson also attacked the president in May when she said said he  needs psychological help and is desperate for attention.  Perhaps Cowgirl Wilson should look in the mirror .According to left leaning propaganda news NBC: He said,  But you know he must ve known what he signed up for,  the Democrat recounted Trump saying more than once during the call to express his sympathy. According to Wilson, the conversation lasted somewhere from three to five minutes. Everyone knows when you go to war you could possibly not come back alive but you don t remind a grieving widow of that,  Wilson said.  That s so insensitive. Trump  didn t even remember his name,  Wilson recalled Myeshia Johnson telling her after the call ended, the congresswoman told MSNBC s  Morning Joe  Wednesday. She hung up the phone and said,  He didn t even remember his name,  Wilson said.  That s the hurting part. The White House said Tuesday that the president had called the families of all four service members who were killed.  He offered condolences on behalf of a grateful nation and assured them their family s extraordinary sacrifice to the country will never be forgotten,  the White House said.Asked about Wilson s characterization of the call, a White House official said Tuesday night that  the president s conversations with the families of American heroes who have made the ultimate sacrifice are private. PETE HEGSETH POINTED OUT THAT THIS IS HOW FAR THE LEFT WILL GO TO TRASH TRUMP:Pete Hegseth said on  Fox & Friends  that this is another example of Trump s opponents taking every opportunity to twist or spin his words, even if it involves a fallen soldier. They want to question at every turn what he says he s committed to,  Hegseth said.  There s no one more committed, I believe, to our service members, to our veterans than this president. He said this shows how committed Democrats are to resisting Trump no matter what.TRUMP HITS BACK:Trump hit back at the claims saying he has proof of what was said on the call:Democrat Congresswoman totally fabricated what I said to the wife of a soldier who died in action (and I have proof). Sad!  Donald J. Trump (@realDonaldTrump) October 18, 2017Wilson took no time in shooting back that Trump is a  sick man . She s clearly milking this for all it s worth. It s sick that this Democrat would use this call to a grieving widow to bash our president.",left-news,"Oct 18, 2017"
MEDIA DOWNPLAYS Attack By Unhinged Neighbor On Senator Rand Paul…’Minor Injuries’ Not So Minor,"5 broken ribs with trouble breathing, lung contusions and life-threatening possibilities is not a  minor injury  as media claimed A senior adviser for Rand Paul says the U.S. senator is recovering from five broken ribs following an assault at his home.Doug Stafford said it is unclear when Paul will return to work since he is in considerable pain and has difficulty getting around, including flying. Stafford said Sunday that the broken ribs include three displaced fractures, which can lead to life-threatening injuries. The severe pain can last for weeks or months.Police arrested 59-year-old Rene Boucher on Saturday and charged him with misdemeanor fourth-degree assault with a minor injury. Boucher is accused of attacking Paul on Friday, but officials have not released a motive.Boucher lives next door to Paul and his wife, according to Warren County property records.Boucher was released from jail on Saturday. He has not returned a call seeking comment.OUR PREVIOUS REPORT ON THE ATTACK:Another unhinged Democrat has been arrested for attacking someone with political views that are in opposition to his yawn Kentucky State Police have arrested a person accused of assaulting Sen. Rand Paul (R-Ky.) at his home in Kentucky, the senator s office confirmed on Saturday. Senator Paul was blindsided and the victim of an assault,  Kelsey Cooper, a spokeswoman for Paul, said in a statement.  The assailant was arrested and it is now a matter for the police. Senator Paul is fine. The suspect was identified as 59-year-old Rene Boucher of Bowling Green, Kent., according to a statement from Kentucky State Police reported by the Bowling Green Daily News.  True PunditBoucher is an anesthesiologist and pain specialist. He got his medical degree from Des Moines University College of Osteopathic Medicine after being pre-med at Providence College in Rhode Island, according to Doximity. Boucher has practiced medicine in since 1982 and attended high school in New Bedford, Massachusetts. Between 1985 and 1993, Boucher was pain management specialist at the Letterman Army Medical Center in San Francisco where he also did his residency.In 2005, Boucher appeared on QVC marketing a rice-filled vest that was designed to alleviate back pain, reported the Bowling Green Daily News. The vest retailed at $30 and had to be microwaved before use. The website for Therm-a-Vest is no longer active. WAVE reports that Boucher retired in 2015.In May 2017, Boucher shared a story on Facebook about Republican Congressman Greg Gianforte assaulting The Guardian s Ben Jacobs in Bozeman, Montana. The assault was described as a  body slam  at the time. Boucher writes in his Facebook bio that he is in a relationship. The Bowling Green Daily News article about Boucher s pain relieving vest saw him city his wife, Lisa, as a reason for its success.Boucher is a registered Democrat. Since Trump s ascendency to the president, Boucher has been severely critical the GOP on Facebook. Boucher is shown to be an advocate for gun control and healthcare reform. There does not seem to be any posts that target Senator Paul.   Heavy ",politics,"Nov 6, 2017"
 Why This Attorney General Is Going After Trump For ‘Fraud’,"New York Attorney General Eric Schneiderman isn t going to allow Donald Trump s 2016 presidential campaign get in the way of his ongoing prosecution of the GOP frontrunner for  fraud. Schneiderman is the highest profile government official looking into Trump s shady business dealings at Trump University. Customers claim that after they signed up for the opportunity, they were pressured to spend ever-increasing amounts of money with little knowledge of the real estate business to show for it.In an interview with ABC, the attorney general explained that he s not going to back off. We re ready to go,  Schneiderman, a Democrat, told ABC News today.  We sued him long before anyone thought he might run for President. This is not a political case, it s just a straight-up fraud case. Like the judge also looking into the case, Scneiderman has come in for attack by Trump, who has used his high profile to impugn the prosecutor s motives. But that hasn t dissuaded the prosecutor.Schneiderman told ABC News he is not worrying about the confluence of the campaign and his case. The documents, he said only served to offer further proof that the operation was aimed less at teaching students the skills needed to buy and sell real state, and more about making money for Trump. It was clearly a way to separate people who were desperate to make money in hard economic times from their own cash and to get it into the pocket of Mr. Trump and his cronies,  Schneiderman said.The secret Trump University documents have revealed that workers at the operation were given a step-by-step manual on how to convince prospective  students  to give the company access to their money and also explained how to prey on their emotions in pursuit of profits. Trump University is now defunct, after Trump and his partners made money off of regular people, all while egging students on to profit from the 2007-8 real estate collapse.Featured image via YouTube",News,"May 31, 2016"
(VIDEO) DONALD TRUMP: “NOT BEHOLDEN TO ANYONE”,I listened to this interview and it really reinforces my belief that Trump s heart is in the right place. I especially love his comment on our vets. He s passionate about making America great again and it shows! ,politics,"Aug 1, 2015"
Billionaire ‘Bilderberger’ David Rockefeller dead at 101," The Trilateral Commission is international and is intended to be the vehicle for multinational consolidation of the commercial and banking interests by seizing control of the political government of the United States. The Trilateral Commission represents a skillful, coordinated effort to seize control and consolidate the four centers of power   political, monetary, intellectual and ecclesiastical.      Senator Barry Goldwater, from his book  With No Apologies 21st Century Wire says Controversial globalist and banker David Rockefeller has died at 101 years of age.Rockefeller has been described as a philanthropist and banker, yet much of his legacy will forever be tied to the creation of the well-known think-tank the Council on Foreign Relations, The Trilateral Commission and his central role on the steering committee for the secretive Bilderberg Group established in 1954.The Bilderberg Group has often been passed off as an insignificant gathering of corporate CEO s, barons of oil, government top brass and royalty   most mainstream outlets still continue to mask the group s influence on foreign policy and world finance   but thankfully their exploits have been slowly uncovered with each passing year, as the list of attendees seem to change and grow with each new conference location.For those who still doubt there s a hidden element directing global interests, one only needs to look into the high-powered pursuits of Bilderberg attendees that have been linked to creating a multi-national sovereignty override through many transnational corporations with world trade partnerships like the Transatlantic partnership (TTIP) and Transpacific partnership (TPP), which now excludes the US via an executive order from Donald Trump.The following passage is from the NY Times: He spent his life in the club of the ruling class and was loyal to members of the club, no matter what they did,  The New York Times columnist David Brooks wrote in 2002, citing the profitable deals Mr. Rockefeller had cut with  oil-rich dictators,   Soviet party bosses  and  Chinese perpetrators of the Cultural Revolution. There was also an immense sphere of influence held by various power-hungry groups such as The Trilateral Commission, brought to fruition in 1973 by David Rockefeller and perennial foreign policy advisor Zbigniew Brzezinski. The Commission was also joined by fellow Bilderberg attendee and longtime policy advisor Henry Kissinger. Contrary to what most people think   the vast majority of The Trilateral Commission s members have been from countries outside of America.Rockefeller, like George Soros, is ultimately tied to globalism and vast social engineering programs.More from RT below  (Photo Illustration 21WIRE s Shawn Helton)Billionaire banker David Rockefeller dies aged 101RTRockefeller died in his sleep at home in Pocantico Hills, New York, on Monday morning as a result of congestive heart failure, according to a family spokesperson Fraser P. Seitel.The businessman, who had an estimated fortune of $3 billion, retired as head of Chase Manhattan in 1981 after a 35-year career.In the statement from the The Rockefeller Foundation confirming his death, Rockefeller was described as  one of the most influential figures in the history of American philanthropy and finance, considered by many to be  America s last great international business statesman .   Rockefeller, also known as  the banker s banker , according to the statement, is said to have donated almost $2 billion over his lifetime to various institutions including Rockefeller University, Harvard University and art museum.David was the youngest of six children born to John D. Rockefeller Jr. and the grandson of Standard Oil co-founder John D. Rockefeller.Rockefeller graduated from Harvard in 1936 and received a doctorate in economics from the University of Chicago in 1940. Appointed president of Chase Manhattan in 1961, he became chairman and CEO eight years later.RT continues here READ MORE ON SOCIAL ENGINEERING: 21st Century Wire Social Engineering FilesSUPPORT 21WIRE  SUBSCRIBE & BECOME A MEMBER @21WIRE.TV",Middle-east,"March 20, 2017"
 Ben & Jerry’s Ice Cream Founders Get Arrested At U.S. Capitol,"The co-founders of Ben & Jerry s Ice Cream, Ben Cohen, and Jerry Greenfield, were two of the 1200+ arrested in the past week at the U.S. Capitol to protest the influence big money has in politics as part of the Democracy Spring movement. According to the U.S. Capitol Police, those arrested were charged with crowding, obstructing or incommoding, which is unlawful demonstration activity. Both Cohen and Greenfield were processed and released on scene.Ben Cohen also runs a non-profit, Stamp Stampede, which literally stamps money out of politics. The stamps stamp money with slogans such as  Not to be used for bribing politicians. No matter what issue you are most passionate about environment, healthcare, soaring prescription drug costs the root cause is always linked to corporations giving so-called donations in large sums to politicians, in a process Senator John McCain has called  legalized bribery,  Ben Cohen told me in an interview for the New York Observer in December 2015. A few hundred really wealthy people put in the majority of early contributions to our country s presidential candidates,  he said.  In the context of congress, our representatives get gobs of money from corporations through lobbyists for either passing or not passing legislation, essentially transforming our democracy into an oligarchy. We can t tackle the rest of the problems until we tackle this basic one. It s difficult to address because it requires an amendment to overturn a Supreme Court decision, but that s what Americans have done throughout history we have worked to overturn egregious decisions, which is why we have the constitutional amendment process. The non-profit s website, StampStampede.org, has photos of stamped money posing with Senator Elizabeth Warren and other advocates for getting money out of politics. As long as corporate and wealthy influences can undermine democracy through campaign contributions, the gridlock in congress will persist and most likely worsen. Big money doesn t want meaningful progressive reforms, they want to influence legislation to insulate themselves from the rigors of a competitive market while exploiting tax loopholes and government subsidies to maximize their profits at the expense of the working and middle classes in America.Featured Image Courtesy of Flickr",News,"April 19, 2016"
JUST IN: RAND PAUL ASSAULTED By Democrat Doctor…Here’s What We Know About The Attacker,"Another unhinged Democrat has been arrested for attacking someone with political views that are in opposition to his yawn Kentucky State Police have arrested a person accused of assaulting Sen. Rand Paul (R-Ky.) at his home in Kentucky, the senator s office confirmed on Saturday. Senator Paul was blindsided and the victim of an assault,  Kelsey Cooper, a spokeswoman for Paul, said in a statement.  The assailant was arrested and it is now a matter for the police. Senator Paul is fine. The suspect was identified as 59-year-old Rene Boucher of Bowling Green, Kent., according to a statement from Kentucky State Police reported by the Bowling Green Daily News.  True PunditBoucher is an anesthesiologist and pain specialist. He got his medical degree from Des Moines University College of Osteopathic Medicine after being pre-med at Providence College in Rhode Island, according to Doximity. Boucher has practiced medicine in since 1982 and attended high school in New Bedford, Massachusetts. Between 1985 and 1993, Boucher was pain management specialist at the Letterman Army Medical Center in San Francisco where he also did his residency.In 2005, Boucher appeared on QVC marketing a rice-filled vest that was designed to alleviate back pain, reported the Bowling Green Daily News. The vest retailed at $30 and had to be microwaved before use. The website for Therm-a-Vest is no longer active. WAVE reports that Boucher retired in 2015.In May 2017, Boucher shared a story on Facebook about Republican Congressman Greg Gianforte assaulting The Guardian s Ben Jacobs in Bozeman, Montana. The assault was described as a  body slam  at the time. Boucher writes in his Facebook bio that he is in a relationship. The Bowling Green Daily News article about Boucher s pain relieving vest saw him city his wife, Lisa, as a reason for its success.Boucher is a registered Democrat. Since Trump s ascendency to the president, Boucher has been severely critical the GOP on Facebook. Boucher is shown to be an advocate for gun control and healthcare reform. There does not seem to be any posts that target Senator Paul.   Heavy ",politics,"Nov 4, 2017"
 Watch Hillary’s Reaction When Security Tries To Kick Shirtless Male Supporters Out Of Her Rally,"Democratic frontrunner Hillary Clinton had a couple of really enthusiastic supporters show up at her Buena Park, California rally on Wednesday. In fact, they were so enthusiastic she had to stop her security team from throwing them out of the event because they decided to remove their shirts.As security moved to escort the shirtless men out of her rally, one of them yelled,  Hillary, they re kicking us out because we don t have our shirts on. They re making us leave because we don t have shirts on.  A laughing Clinton responded by asking security to stop and saying: Well, you know what? As long as they don t take anything else off. You know, you gotta make split decisions that s what leadership is all about. We are a big diverse country. OK, where was I? I gotta admit, it is a little distracting standing up here looking at them. So I m gonna look over this way, and I m gonna look over that way. I m gonna look back there. It was a great moment for Clinton to show off the sense of humor a lot of people do not realize she has. The right wing often accuses her of being an Ice Queen, but she is actually very funny. Her response also highlighted the vast differences between her campaign and that of Republican nominee Donald Trump. The GOP candidate s rallies are filled with violence and hate, while Clinton s is filled with positivity. It s like night and day.Watch:Featured image via video screenshot",News,"May 26, 2016"
ANGRY Venezuelans CHASE Their President…Bang On Pots And Yell [Video],"Scenes from the confrontation late Friday, which also appeared in videos uploaded to social media, captured the attention of Venezuelans, many of whom blame the unpopular president for the country s food shortages.In one video, Mr. Maduro tries to calm the pot-bangers by walking among them, only to be surrounded as the furious crowd yells obscenities. What is this?  an astounded voice behind the camera asks in one of the video clips.Mr. Maduro had traveled from the capital, Caracas, to Margarita Island off Venezuela s northern coast to inaugurate a number of new public housing units and give a televised address.During the speech, he denounced his opponents  calls for his removal from office, calling them  vampires  and saying they were preparing for violence.Foro Penal, a Venezuelan human rights group, said 20 people had been arrested after the protest in the island town of Villa Rosa. Mr. Maduro s office made no statement about the episode.",Government News,"Sep 3, 2016"
JUST IN: NYC TERRORIST Allegedly Entered U.S. On NY Democrat Senator Chuck Schumer’s ‘DIVERSITY VISA” Program,"Mark Levin dropped a bombshell on his show tonight about the Muslim terrorist who killed 9 people in Manhattan and injured dozens.  The Diversity VISA program was given the green light by none other than New York Democrat Senator Chuck Schumer... Mark Levin; NYC muslim terrorist came to US under  Diversity VISA Program    a bizarre lottery to shove more foreigners down our throats  Deplorable MD   (@MDDeplorable) October 31, 2017According to ABC 7:Authorities say he came to the United States seven years ago from Uzbekistan under what is called the Diversity Visa Program, which offers a lottery for people from countries with few immigrants in America.DIVERSITY LOTTERYOn May 1, 2017, the Washington Post wrote an article designed to criticize President Trump, as millions were concerned that this could be the last year of the  Diversity Lottery .According to the Washington Post, the lottery s premise is simple. Each year, the Diversity Visa Lottery, as it is officially known, provides up to 50,000 randomly selected foreigners   fewer than 1 percent of those who enter the drawing   with permanent residency in the United States.It s not connected to employment or family members in the United States. The only requirement is that entrants be adults with a high school diploma or two years of work experience. Winners can bring spouses and children. Citizens of countries that have sent 50,000 people to the United States in the past five years   such as Canada, China, India, Nigeria and Mexico   are ineligible to participate.The current lottery coincides with an intense debate over immigration and comes amid policy changes that have made the country less welcoming to new arrivals. President Trump has cracked down on illegal immigration and pressed forward with plans to build a wall along the border with Mexico. He has issued executive orders targeting foreign workers, refugees and travelers from certain majority-Muslim countries.But he hasn t said a word about the green-card lottery.Its days may be numbered, nonetheless. The lottery appears to conflict with the president s call for a  merit-based  immigration system. And at least two bills in the Republican-controlled Congress seek to eliminate the program. The Diversity Lottery is plagued with fraud, advances no economic or humanitarian interest, and does not even deliver the diversity of its namesake,  according to a news release from Sen. Tom Cotton (R-Ark.), a co-sponsor of one of the bills.The program   operated from a consular center in Williamsburg, Ky.   has been on the chopping block before. It came under attack in 2002 after an Egyptian terrorist who killed two people in Los Angeles was found to be in the United States through his wife s diversity visa. Mohamed Atta, another Egyptian and one of the 9/11 suicide pilots, had entered the lottery twice before entering the United States on a different visa to study aviation. If you re a terrorist organization and you can get a few hundred people to apply to this from several countries . . . odds are you d get one or two of them picked,  Rep. Bob Goodlatte (R-Va.) told The Washington Post in 2011 after introducing an ill-fated bill to kill the program.State Department officials insist that lottery winners are vetted just as thoroughly as other potential immigrants to the United States.Here s how the  Diversity  Immigrant VISA program works:Twitter responded to the idiocy of the  diversity  visa program:Muslim terrorist slaughters 8 in NYC today. Wait for it, wait for it here on a diversity visa. Thank you, libtards  Wayne's World (@WayneSense) November 1, 2017",left-news,"Oct 31, 2017"
" Leslie Knope Writes Powerful, Heartbreaking Letter To America That EVERYONE Should Read","Who doesn t love Leslie Knope? She even wormed her way into the heart of that staunch libertarian Ron Swanson.Parks and Recreation has a beloved place in the hearts of many in America, in fact   especially millennials. And no character is more beloved than Amy Poehler s Leslie Knope.For many fans, it s almost impossible to imagine a reaction to this electoral disaster from the almost annoyingly bubbly Knope   her optimism doesn t seem to have much of a place here. However, while perfectly maintaining the voice of the character, she shows that s not the case. You can read my favorite passage below:Like most people, I deal with tragedy by processing the five stages of grief: Denial, Anger, Bargaining, Depression, and Acceptance. My denial over the election results was intense. My anger was (in Ron s words)  significant.  My bargaining was short, but creative  I offered my soul and the souls of all of my friends in exchange for 60,000 more votes in Milwaukee, to any demon who cared to accept. (Tom told me it was a terrible deal, but I didn t care, in that moment.) My depression I have already mentioned. Which brings us to Acceptance. And here s what I stand on that:No. I do not accept it.I acknowledge that Donald Trump is the President. I understand, intellectually, that he won the election. But I do not accept that our country has descended into the hatred-swirled slop pile that he lives in. I reject out of hand the notion that we have thrown up our hands and succumbed to racism, xenophobia, misogyny, and crypto-fascism. I do not accept that. I reject that. I fight that. Today, and tomorrow, and every day until the next election, I reject and fight that story. I work hard and I form ideas and I meet and talk to other people who feel like me, and we sit down and drink hot chocolate (I have plenty) and we plan. We plan like mofos. We figure out how to fight back, and do good in this infuriating world that constantly wants to bend toward the bad. And we will be kind to each other, and supportive of each other s ideas, and we will do literally anything but accept this as our fate.And let me say something to the young girls who are reading this. Hi, girls. On behalf of the grown-ups of America who care about you and your futures, I am awfully sorry about how miserably we screwed this up. We elected a giant farting T. rex who does not like you, or care about you, or think about you, unless he is scanning your bodies with his creepy T. rex eyes, or trying to physically grab you like a toy his daddy got him (or would have, if his daddy had loved him). (Sorry, that was a low blow.) (Actually, not sorry, I m pissed, and I m on a roll, so zip it, super-ego!) Our President-Elect is everything you should abhor, and fear, in a male role model. He has spent his life telling you, and girls and women like you, that your lives are valueless except as sexual objects. He has demeaned you, and belittled you, and put you in a little box to be looked at and not heard. It is your job, and the job of girls and women like you, to bust out.I highly encourage you to read the rest of it as well   Leslie is exactly right. It s time for us to fight harder than ever.",News,"November 10, 2016"
 Chris Cuomo SLAMS Trump For Promising “A Lot Of Things That Can’t Be Done” In Energy Speech (VIDEO),"Earlier this week, Donald Trump made a speech in Bismarck, North Dakota to talk about his energy policy. While it might have been refreshing for the business mogul to actually talk about a policy instead of attacking his Democratic rivals, saying offensive things about women and minorities or retweeting white supremacists, it s safe to say Trump s supporters should hold off on getting too excited over anything he says   because it s all false promises.During Trump s speech, Trump promised American voters that he would cancel the crucial 2015 Paris agreement that binds all nations to the common goal of tackling climate change, and that he d  rescind  the EPA rules that President Barack Obama set up to decrease emissions from coal-fired power plants. If it sounds improbable, that s because it pretty much is   and no one was faster to point this out that CNN s Chris Cuomo on Friday. In speaking with Trump s campaign senior advisor Sarah Huckabee Sanders, Cuomo criticized the GOP candidate for his sloppy ideas. He said: Donald Trump put out a big speech about his energy policy, about coal, about oil, about regulation. And the criticism of it is that he proposed a lot of things that can t be done. You can t get rid of all of the EPA regulations. You can t just make coal as huge as it once was. There are good and bad reasons for that. Fair criticisms that the proposal can t do what Donald Trump says it will do. Huckabee Sanders argued that the Environmental Protection Agency has to be  reined in and brought back down.  She said: I think there are some big things you can do, and exactly what Donald Trump said is we need to move to an all-of-the-above approach. The Obama administration and his energy policy has been job-killing, [has] raised energy costs across America, has been horrible for our country, so we ve got to go back to where we put all options on the table. Huckabee Sanders continued to diss Obama and added that, We ve got to absolutely reverse what has taken place over the last eight years under the Obama administration by taking away the energy independence that Americans have enjoyed and making us more dependent on foreign energy and go back to where we can energize our own country on our own. Cuomo fired back, stating that the EPA wasn t perfect, just like  every government agency.  He continued: But reducing fossil fuel dependence is a very popular thing in America, and that s a big part of the regulations, and in terms of energy independence, the United States right now puts out 74 percent of its oil needs. I mean, I guess you could go to 100 percent, but the idea that we re somehow, you know, really deficient in terms of how much of our own needs we provide for, it s just not true.  Huckabee Sanders continued to try and counter attack, but Cuomo shut her down every time with realistic scenarios and facts. You can watch Cuomo blast Trump s policies below: Trump s energy policy speech came just a day before Trump told drought-stricken Californians that the extreme water shortage they ve been experiencing doesn t really exist, and offered a conspiracy theory as an alternative explanation. Clearly, Trump isn t someone that we can trust for environmental or energy issues.Featured image is a screenshot",News,"May 28, 2016"
 Elijah Cummings Made Sure The GOP Is Well Aware They’re Hypocritical A**holes Regarding Flint,"There seems to be a definite double standard when it comes to how Republicans in Congress want to go about investigating terrible governors. When it came to investigating former Oregon Governor John Kitzhaber (D), Republicans like Rep. Jason Chaffetz (R-UT) were fast and furious with their requests to obtain the information they wanted in regards to a scandal surrounding Oregon s health insurance exchange. However, when it comes to going after Republican Governor Rick Snyder of Michigan over the horrendous Flint water crisis, those same Republicans so adamant at going after a Democratic governor, failed to send requests to investigate Flint.Rep. Elijah Cummings (D-MD) is not about to let them get away with this hypocrisy whatsoever.In a letter sent by Cummings to Chaffetz, who is the Chairman of the Committee on Oversight and Government Reform, Cummings points out the clear double-standard of the committee going after Kitzhaber, but not Snyder in the same regard. And while Cummings does give them some credit for called Snyder before the Committee in March, it is clear that they are not going after Snyder with the same vigor. Cummings wrote: During our meeting last week, you explained that you had spoken directly with Governor Snyder, and you suggested that one reason not to request documents from him is because he might claim that his communications about the Flint water crisis are protected by executive privilege. Although I was not a part of your conversation with Governor Snyder, any claim of executive privilege to withhold documents from Congress would be a surprising turn of events that directly contradicts the Governor s own promises of accountability to the people of Michigan. Cummings also wrote: I believe that the Committee should apply the same standards for requesting documents to all governors, regardless of whether they are Democrats or Republicans. By declining to send any document request at all to Governor Snyder, the Committee is creating the perception of a double-standard in which it has requested documents from a Democratic governor, but not from a Republican governor. He then goes on to give the example of former Oregon Governor John Kitzhaber.It is simply woefully irresponsible to so blatantly neglect going after Gov. Snyder, especially considering the Flint, Michigan water crisis is so irreversibly severe causing lifelong health issues to those affected. Not only should they be investigating Snyder to the fullest extent, but they should be pushing for his resignation, as is what happened with Kitzhaber.Cummings sums it up best when he states: The Committee has never accepted this practice as an adequate standard of investigation, and we should not do so now. Governor Snyder and his staff are central figures in the decision-making process that led to the poisoning of Flint residents, and the Committee owes it to these residents to conduct a comprehensive and bipartisan investigation. Snyder needs to be held responsible and party politics need to be checked at the door. End of story.Featured image via YouTube",News,"February 22, 2016"
"COWARDLY BLACK BLOC THUG Dane Powell Pleads Guilty…Faces 6 Yrs In Prison For Rioting, Assaulting Police During Trump’s Inauguration [VIDEO]","Take note cowardly anti-American thugs, your Black Bloc brother will soon to be wearing orange for a very long time A Florida man with the radical  black bloc  protest network pleaded guilty Friday to felony rioting and assault for his role in the Inauguration Day chaos in Washington, D.C.Dane Powell, 31, of Tampa was the first to enter a guilty plea on felony charges brought against 212 protesters accused of rioting and vandalizing property during the Jan. 20 melee surrounding President Trump s swearing-in ceremony.Here s a photo of Dane Powell and friend Tracy Penokie posing for a picture that was posted on The Ybor City website on inauguration day in DC just before the activities  rioting began:Dane is seen again with a mega phone here and a  free Palestine  t-shirt with his friend Tracy:Scheduled to be sentenced July 7, he faces a possible six years in prison for breaking windows and throwing a  brick, large rock or piece of concrete  at officers after joining a mob of masked black bloc protesters who moved en masse across 16 blocks in about 30 minutes, according to the U.S. Attorney s Office.The plea was announced by U.S. Attorney for the District of Columbia Channing D. Phillips and Peter Newsham, Metropolitan Police Department acting chief.Carrying hammers, crowbars, metal poles and wooden sticks, the self-described anarchists broke windows at a dozen businesses, including Starbucks, McDonald s and Bank of America; pulled newspaper stands and trash cans into the streets; spray-painted buildings, and shattered the windows of a police cruiser and limousine.WATCH this incredible video of Blac Block and Antifa anarchists in Washington DC during President Trump s inauguration:Federal prosecutors released a superseding indictment Thursday that brought additional felony counts against some defendants, including Powell, which brought an outcry from protesters. Washington Times",left-news,"Apr 29, 2017"
 Everyone Is Freaking Out Over This ‘Visitor’ At A Bernie Sanders Rally (VIDEO/TWEETS),"People are freaking out all over the internet over a winged  intruder  at a Bernie Sanders rally in Portland. In the middle of Sander s speech, a small and beautiful bird floated down and joined him on the podium.This is not some Matthew Bay-level CGI effect   it actually happened. Sanders broke off mid-speech as the bird hovered around above him, and the packed stadium laughed and applauded. But then, to everyone s surprise, the bird actually flew down and settled on the lectern. I think there s some symbolism here,  Sanders said.  That little bird is really a dove asking us for world peace. This sent the crowd into uproar, and the meme-makers went into overdrive.There was some speculation about what would have happened to the poor bird if it had innocently flapped its way into a Trump rally.@politico If this was a Trump rally.. his goons would beat it up or one of the cult members would shoot it  Greg King (@Megreg916) March 25, 2016And the whole affair is certainly not going to help Portland rid itself of the Portlandia gag #PutABirdOnIt.A little bird told me that @BernieSanders is really a Disney Princess.Also Portland you're taking that #PutABirdOnIt thing way too serious  kelly kapowski (@Colo_Kelly) March 25, 2016For those who missed that joke. Sketch show Portlandia, which satirizes the uber-liberal Oregon city, made it famous with this skit.It didn t take long for the sparrow to become the patron saint of the #FeelTheBern movement, who even honored it with a name. They continued to praise it at the puntastic hashtag #BirdieSanders.My cynicism for all things political dims in response to #BirdieSanders  J. Wolff Hughes (@JWOLFFH) March 25, 2016Even birds love him  Make this man the President of the United States already. #BirdieSanders pic.twitter.com/RmclxLyiUr  Rebekah Lopez (@BekahLeee) March 25, 2016Peeps a vote for Bernie is a vote for #BirdieSanders. Say  owl caucus tomorrow."" Toucan make a difference #LeftWing https://t.co/mKb7HwaDvB  Billy (@billy_gendell) March 25, 2016Or as Obama would say: Yes Toucan.The news even made it international, with prominent British activists sharing their one disbelief.Omg!!! What!!. pic.twitter.com/0vvicZmLcO @JolyonMaugham  ARTIST TAXI DRIVER (@chunkymark) March 25, 2016This has literally lit up the internet with even conservative-edged The Hill feeling the need to pass comment. Amid all the hullaballoo   Sanders himself remained entertained and humble about the whole thing. The candidate hinted at further partnership with Birdie Sanders, perhaps a potential running mate should he defeat Hillary in the primaries?#BirdieSanders and I are on our way to our rally in Seattle at Safeco Field. Meet us there: https://t.co/eJGkfGsA5M pic.twitter.com/05LhBpMrne  Bernie Sanders (@BernieSanders) March 25, 2016And with that Bernie Sanders heads to Seattle, home of the $15 minimum wage, to continue his battle to overcome Hillary Clinton for the Democratic nomination.Featured Image via Screengrab",News,"March 25, 2016"
FARMER FINED A WHOPPING $2.8 MILLION Asks President Trump For Help,"A California farmer fined $2.8 million for plowing through vernal pools protected by the Clean Water Act without a permit is appealing to the Trump administration for help, according to California s Record Spotlight.John Duarte has sent letters to Agriculture secretary Sonny Perdue, as well as Attorney General Jeff Sessions seeking clarification on the federal government s case against him, the Record Spotlight reports.While the Clean Water Act protects  waters of the U.S.,  it does contain exemptions for farmers.The U.S. Army Corps of Engineers fined Duarte Nursery, owned by Duarte, in 2012 for failing to get a permit before plowing through vernal pools located on a recently purchased 450 acre plot of land. The vernal pools, temporary bodies of water that house certain species of plants and animals, are protected as waters of the United States by the Clean Water Act of 1972. We expected the Trump administration to provide regulatory relief from Obama-era overreach, and we haven t seen it yet,  Duarte said according to the Record Spotlight.  We re hoping to see the administration engage this issue, to look at it again. House Agriculture Chairman Mike Conway and House Judiciary Chairman Bob Goodlatte sided with Duarte, sending a letter to Sessions May 26 questioning the merit of the Duarte case.Read more: DC",politics,"Jul 29, 2017"
 It’s Mueller Time!: Russia Probe Just Got Worse For Trump And It’s Going To Hurt,"Justice Department deputy solicitor general Michael Dreeben will assist Robert Mueller and he s no slacker. He has argued more than 100 cases before the U.S. Supreme Court so his resume is worthy of joining the investigation into possible coordination between Trump s associates and Russian officials. Donald Trump had better stock up on aspirin because team Mueller is going to be all up in his business. The move signals that Mueller may be seeking advice on complex areas of criminal law, including what constitutes obstruction of justice and that has been an issue of debate for a while now. Most recently, when former FBI Director James Comey testified Thursday.Dreeben is the department s go-to lawyer on criminal justice cases and is highly respected by Democrats and Republicans alike due to his encyclopedic knowledge of criminal law, according to the Washington Post.Dreeben has been pulled into the investigation to work part time for Mueller while he continues to oversee the department s criminal appellate cases, according to Justice officials.According to former and current Justice Department officials, Mueller s recruitment of Dreeben into the probe shows how serious he is about the investigation and signals complexities in the investigation.Dreeben is thought of as brilliant in his area of expertise:Michael is the most brilliant and most knowledgeable federal criminal lawyer in America   period,  said Walter Dellinger, a law professor at Duke University School of Law and acting solicitor general for the 1996-1997 term of the Supreme Court. I learned early on in my time as acting [solicitor general] that there was no point of ever thinking of second-guessing Michael on a matter of federal criminal law because he just knew more than I did or could ever know,  Dellinger said.  He s a straight shooter, and is held in the greatest esteem by the FBI and lawyers in U.S. attorneys offices all over the country. It s not just Dreeben:Mueller s team includes Jeannie Rhee, a former deputy assistant attorney general and a partner in the investigations practice at WilmerHale, and Andrew Weissmann, the chief of the Justice Department s fraud section who oversaw corruption investigations including the probe into cheating by Volkswagen on diesel emissions tests over.Aaaand, Trump s lawyer can t even spell  President  so that s kind of sad, don t you think? Marc Kasowitz, Trump s life-long personal attorney, issued a statement to refute Comey s testimony. The only problem is that it was riddled with errors, including the spelling of  President.  Spelling is HARD.Trump better lawyer up but hire someone more effective because it s Mueller Time!Featured image via Drew Angerer/Getty Images",News,"June 9, 2017"
 Trump Supporting KKK Leader Defends Trump And Alt-Right In Response To Hillary’s Brilliant Speech,"David Duke is a former Ku Klux Klan Grand Wizard who also happens to be one of the most famous white supremacists in modern history. He is also, like many white supremacists, anti-semites, and other assorted despicable bigots, a Donald Trump supporter. Today, as we all know by now, Hillary Clinton issued a blistering takedown of Trump in a brilliant speech delivered in Reno, Nevada. She indicted the so-called  alt-right  movement   which is really nothing more than the new white supremacy   as well as Donald Trump himself for being nothing more than bigots, and bringing their bigotry into the mainstream via this presidential election. Well, of course, David Duke was most unhappy with this, and decided to issue a statement defending the alt-right   which of course means, at this point, that he is also defending Trump.Duke talked to Buzzfeed s Andrew Kaczynski and said:Kaczynski went on to tweet:Bottom line, the white nationalists trust Trump and don't find his condemnations of them to be sincere.  andrew kaczynski (@BuzzFeedAndrew) August 26, 2016He s right, of course. They know that Trump is just doing what he has to do to get elected. He is their guy. They know that all of his pathetic and disingenuous attempts to reach out to communities of color is really just lip service; hell, he isn t even actually talking to communities of color. He s trying to assure more mainstream white people that he isn t quite as racist as they thought, and that they should still vote for him, because he s still their man.Trump s campaign has completely embraced the lunatic fringe, and they are welcoming him with open arms. No matter how much his campaign staff tries to  soften  his bombastic tone and gets him to read off of a teleprompter, the truth is already out there, via not just Trump s own words, associations, and actions, but also via the full throated endorsement and defense of Klan leaders and other white supremacist leaders like David Duke.GOP, if you ve any sense at all, you ll kick ALL of these racists out of your party. You can t just say you aren t racists. You have to prove it. Take the hit this election, and reject Trumpism before it is too late.Featured image via SAUL LOEB/AFP/Getty Images",News,"August 25, 2016"
Elite Nazi-allied Order From Hungary Claims Trump Adviser Sebastian Gorka Is Sworn Member,"Lili Bayer and Larry Cohler-Esses HaaretzSebastian Gorka, President Trump s top counter-terrorism adviser, is a formal member of a Hungarian far-right group that is listed by the U.S. State Department as having been  under the direction of the Nazi Government of Germany  during World War II, leaders of the organization have told the Forward.The elite order, known as the Vit zi Rend, was established as a loyalist group by Admiral Miklos Horthy, who ruled Hungary as a staunch nationalist from 1920 to October 1944. A self-confessed anti-Semite, Horthy imposed restrictive Jewish laws prior to World War II and collaborated with Hitler during the conflict. His cooperation with the Nazi regime included the deportation of hundreds of thousands of Jews into Nazi hands. STRANGE CHARACTER: People are now questioning why Trump hired bizarre Hungarian author as his  terrorism  expert.Gorka s membership in the organization   if these Vit zi Rend leaders are correct, and if Gorka did not disclose this when he entered the United States as an immigrant   could have implications for his immigration status. The State Department s Foreign Affairs Manual specifies that members of the Vit zi Rend  are presumed to be inadmissible  to the country under the Immigration and Nationality Act.Gorka   who Vit zi Rend leaders say took a lifelong oath of loyalty to their group   did not respond to multiple emails sent to his work and personal accounts, asking whether he is a member of the Vit zi Rend and, if so, whether he disclosed this on his immigration application and on his application to be naturalized as a U.S. citizen in 2012. The White House also did not respond to a request for comment.Continue this story at HaaretzREAD MORE TRUMP NEWS AT: 21st Century Wire Trump FilesSUPPORT OUR WORK BY SUBSCRIBING & BECOMING A MEMBER @21WIRE.TV",US_News,"March 24, 2017"
" Trump Put Himself In Deep Sh*t, Personally Drafted Statement Lying About Jr’s Russia Meeting","Donald Trump and all of the people around him have a serious problem with the truth. That problem is giving them serious legal problems that do not have to be when it comes to Special Counsel Robert Mueller s investigation into the Trump campaign s possible collusion with the Russians to try and fix the 2016 election.First, they said there were not meetings with Russians. Then, we find out that Donald Trump Jr., former Trump Campaign Manager Paul Manafort, and Trump s son-in-law Jared Kushner met with a shady Russian lawyer, along with other people tied to the Russian government. After that, Trump Jr. came out with a statement saying that they were talking about Russian adoptions and nothing else. Then, that statement fell apart when it turns out that they went into that meeting thinking they were going to get dirt on then-Democratic nominee Hillary Clinton from the Russian government. Now, it turns out that while the lawyers wanted to be truthful in Trump Jr. s statement, Donald Trump decided he wanted to lie for his son, and personally put together the statement.Trump s advisers are furious. One said, on condition of anonymity, to the Washington Post: This was . . . unnecessary. Now someone can claim he s the one who attempted to mislead. Somebody can argue the president is saying he doesn t want you to say the whole truth. The adviser then went on to suggest that Trump doesn t fully understand that he and his people are in serious legal trouble over the Russia investigation: He refuses to sit still. He doesn t think he s in any legal jeopardy, so he really views this as a political problem he is going to solve by himself. A lawyer who investigated President George W. Bush regarding the unmasking of CIA Agent Valerie Plame, Peter Zeidenberg, says of the bumbling attempt at a cover-up by Team Trump: The thing that really strikes me about this is the stupidity of involving the president. They are still treating this like a family-run business and they have a PR problem. . . . What they don t seem to understand is this is a criminal investigation involving all of them. Well, hopefully, they continue to screw up in their responses to this. There s definitely wrongdoing here. Perhaps Robert Mueller already has the smoking gun, and wants to make sure the case is airtight before they are all indicted and hauled off to jail where belong. In the meantime, the entire administration is dangerous and should be removed. Congress, do your jobs and throw ALL OF THESE people out of our White House.Featured image via John Moore/Getty Images ",News,"August 1, 2017"
" Black Man Detained By Cops After Withdrawing $200,000 Of HIS OWN Money (VIDEO, IMAGES)","Rapper Blac Youngsta went to an Atlanta bank to withdraw $200,000 of his own money, and upon leaving the building he was detained by police.Blac Youngsta s real name is Sam Benson and he claims that the police even pulled a gun on him.Yo Gotti's artist Blac Youngsta Speaks To News About Police Drawing Guns On Him For Withdrawing $200k From The Bank! pic.twitter.com/mZPOFvlJH1  saycheesetv.com (@SayCheese_TV) January 9, 2016Benson said he withdrew $200,000 in cash from his account. He said when he came out of the bank, a police officer pointed at him. They come bum rushing me at the car, put me on the ground, putting guns to my head, so I m like  What I d do,  Benson said.  A lady was like I m not supposed to have $200,000 on me. I m like,  I m a millionaire. How can I not have $200,000 on me? On his Facebook page, Benson posted a picture of himself in handcuffs on the ground surrounded by police officers with the caption  LOOK AT HOW THEY TREAT A YOUNG RICH NIGGA. Benson also posted a video discussing the fact that the police thought he had  too much  money on him.https://www.facebook.com/BlacYoungsta/videos/vb.708100352651760/802664839861977/?type=2&theaterBenson said police told him that they thought he was someone who had previously written a bogus check, and apologized to him after taking $100,000 of his cash but eventually giving it back to him.The rapper said he had withdrawn the money because he planned to buy a car. Initially he planned to buy a Maybach but after the incident he was  feeling fast  and thinking about purchasing a Ferrari.Police told an Atlanta TV station that they responded to the bank at the request of the bank manager but  Officers found that no crime had been committed. Imagine the anger at working at your skill to the point where you ve amassed such a large sum of money in the bank, go to withdraw your own money, and are style eyed with suspicion to the point that police are called and you are put down on the ground in cuffs.Something has to be changed.Featured image via Facebook",News,"January 9, 2016"
THINK AMERICA CAN’T END UP LIKE GREECE? THINK AGAIN!," The United States government has been living beyond its means, running up an enormous debt that will eventually need to be repaid. Most Americans look at the rerun of the Greek euro crisis with something between smug amusement and condescending disapproval. When will those profligate Greeks get their economic house in order and stop looking to others to bail them out? But, should people living in glass economic houses really throw stones? After all, just like Greece, the United States government has been living beyond its means, running up an enormous debt that will eventually need to be repaid. True, our budget deficit this year will be lower than it has been, just $486 billion compared to $1.4 trillion as recently as 2009. But this is just a temporary respite. Within the next couple of years the deficit will start to rise again. By 2025, we will again face trillion-dollar shortfalls. And even a $486 billion deficit adds to our ever growing debt. Our national debt currently approaches $18.2 trillion, roughly 101% of GDP. That s right. We owe more than the value of all the goods and services produced in this country every year. It is as if your credit-card bills exceeded your entire pay check. That s not quite as bad as Greece, of course, whose debt exceeds 177% of their GDP. But it is worse than countries like France or Spain.  And give us time! Like Greece, the driving force behind our debt is the growing cost of entitlement programs for health care and retirement. If one includes future unfunded liabilities for Social Security and Medicare, our real debt exceeds $90 trillion. That s more than five times our GDP. Greece is still in worse shape   their unfunded liabilities top 875% of GDP   but we re gaining. At the heart of Greece s problems lies a government grown too big, too intrusive, and too expensive. The Greek government spent nearly half of the country s GDP last year (49.3%), and that actually represents a decline from the 51.8% it averaged since 2006. The Greek s may complain about austerity, but they ve hardly practiced it. Our government is far smaller than Greece s today. Federal spending is just 20.5% of GDP. But, according to the Congressional Budget Office s alternative fiscal scenario, that could rise to almost 34% by mid-century. Factoring in state and local government spending, which already accounts for roughly 14.4% of GDP, total government expenditure in the US could reach 48% to 50% in 2050, roughly Greek levels. As government grows, the private sector contracts. Greece has one of the most inhospitable business climates in Europe, ranking 84th in the world in the most recent Economic Freedom of the World Index. Meanwhile, as the United States continues to increase taxes and regulations, we have fallen from the second highest economic freedom ranking just 15 years ago to 12th place. Of course, the United States has some advantages that the Greeks lack. Greece owes a significant share of its debt to foreign governments, while the majority of American debt is domestically held. The United States also faces low borrowing rates, while Greece has been effectively shut out of capital markets. The US debt may be bad, but in many ways we are the fastest horse in the glue factory. As long as the euro remains in crisis, we will continue to be able to borrow money at absurdly low interest rates. The United States also controls its own currency and monetary policy, while Greece is hostage to the European Central Bank, which must balance its interest against those of other countries in the monetary union, many of which are in far different economic positions.The danger for the United States is that spending on entitlements will surge in the coming decades, which means that, absent reform, they take over the economy. Investors would respond to the weaker economic outlook by demanding higher returns in order to continue investing in US bonds, which would further drive up interest costs, making our problems even worse. And, of course, unlike Greece, there aren t other countries or organizations available to bail us out.Read more: NYP",Government News,"Jul 6, 2015"
[VIDEO] WHAT JERRY SEINFELD HAS TO SAY ABOUT OVERLY PC COLLEGE KIDS WILL MAKE THE LEFT CRAZY,"Kids Just Want To Use Words  That s racist, that s sexist.  They don t even know what they re talking about Like Chris Rock and Larry the Cable Guy, Jerry Seinfeld avoids doing shows on college campuses. And while talking with ESPN s Colin Cowherd on Thursday, the comedian revealed why: College kids today are too politically correct. I hear that all the time,  Seinfeld said on The Herd with Colin Cowherd.  I don t play colleges, but I hear a lot of people tell me,  Don t go near colleges. They re so PC. Seinfeld says teens and college-aged kids don t understand what it means to throw around certain politically-correct terms.  They just want to use these words:  That s racist;   That s sexist;   That s prejudice,  he said.  They don t know what the f k they re talking about. The funnyman went on to recount a conversation he and his wife had with their 14-year-old daughter, which he believes proved his point. My wife says to her,  Well, you know, in the next couple years, I think maybe you re going to want to be hanging around the city more on the weekends, so you can see boys,  Seinfeld recalled.  You know what my daughter says? She says,  That s sexist. https://youtu.be/zP769IdU_YECowherd pointed out the flack comedian Louis C.K. received after his controversial appearance on Saturday Night Live last month, further proving Seinfeld s point. Louis  great gift is that he doesn t worry, he just does his thing,  he said. And Seinfeld s not scared to make his point, either:  If I wanted to say something, I would say it. But for now, Seinfeld will stick to covering the topics he can feels he can make humorous, PC or not.  I talk about the subjects I talk about because for some reason I can make them funny,  he said.  The ones I can t make funny, you don t hear. Via: Entertainment Weekly",politics,"Jun 8, 2015"
 Cruz Trying To Hold Fiorina’s Hand Is More Awkward Than A Middle School Dance (VIDEO),"When Ted Cruz announced Carly Fiorina as his running mate last week, it left many, many people scratching their heads. It d be like a football team getting their finger sizes measured for Super Bowl rings after they ve already been eliminated from making the playoffs. It just didn t make any sense whatsoever. It was clearly a move to try to get media attention (which worked) and in hopes of helping him win the Republican nomination (which it won t).Add to this how awkward of a pairing Cruz and Fiorina make. They go together like orange juice and toothpaste, where the only thing left will be the bitter taste left in everyone s mouths after witnessing their desperation.If you don t believe how awkward they are together, then by all means, witness it for yourselves.Here s Cruz trying to grab Fiorina s hand in the typical politician power pose with their running mate. Or in Cruz s case, his  running mate. Carly Fiorina Gives Ted Cruz a Hand (by @VicBergerIV) (Vine by @superdeluxe) https://t.co/au7opXLkro  Vic Berger IV (@VicBergerIV) April 27, 2016Now, add that together with the fact that both are heavily disliked amongst not only liberals, but conservatives as well, including many in Washington, and you have a recipe for utter failure. Unfortunately, Cruz is gonna have to learn this lesson the hard way, because common sense and candor are not his forte.Featured image via video screen capture",News,"May 2, 2016"
" BREAKING: Shooter Targets Congressional Republicans At Baseball Practice, Steve Scalise Shot","As the divisions in the nation bubble over, it seems that one person has snapped, and done the unthinkable: opened fire on a baseball practice full of Congressional Republicans in Alexandria, Virginia. Reports are steadily coming in, and it has been confirmed that House Majority Whip Steve Scalise has been shot. He is currently en route to a nearby hospital and is said to be in stable condition. There are also reports that Capitol Hill police officers and possibly Congressional aides have been injured as well. There is currently no reporting available on their condition. Reports suggest that the shooter was either taken down by Capitol Hill police or taken into custody.The really sad thing about this incident is that this practice was in preparation for a bipartisan baseball game that is supposed to promote unity between the two parties. Further, things would have been much worse if Rep. Scalise had not been there because Capitol Police would not have been present without a member of leadership in attendance.This is seriously the work of someone truly sick. No one should be killing anyone, for any reason, but certainly, this targeting of lawmakers at a baseball practice that was designed to help the nation take a break from ugly partisan politics is truly beyond the pale. Political violence is never acceptable, period.If this isn t proof that we really need to turn down the temperature when it comes to the rhetoric and divisions in this nation posthaste, I don t know what is.This is a developing story. Stay tuned to Addicting Info for continued updates.Here is the live feed monitoring this tragedy, via CNN:Featured image via Alex Wong/Getty Images",News,"June 14, 2017"
ANTI-GUN Zealot KATIE COURIC Hit With $12 MILLION Defamation Lawsuit By 2nd Amendment Group [VIDEO]," Little Miss Sunshine  has fooled a lot of people over the years into believing her she was just some innocuous, peppy little host with everyone s best intentions as her primary concern. Unfortunately, Katie Couric may have just ironically  shot herself in the foot  when she and her director Stephanie Soechtig edited their anti-gun documentary Under the Gun in order to make a gun rights group in Virginia look as if they couldn t answer a simple question.Here s Rush Limbaugh explaining how Katie Couric deceived her viewers with her anti-gun  documentary : They re now facing a $12 million defamation lawsuit, according to documents provided to Bearing Arms.Second Amendment rights advocacy organization the Virginia Citizens Defense League (VCDL), along with two of its members, today filed a $12 million defamation lawsuit against Katie Couric, director Stephanie Soechtig, Atlas Films, and Studio 3 Partners LLC d/b/a Epix for false and defamatory footage featured in the 2016 documentary film Under the Gun. The film portrays a fictional exchange in which members of the VCDL appear silent, stumped, and avoiding eye contact for nearly nine seconds after Katie Couric asks a question about background checks. An unedited audio recording of the interview reveals that contrary to the portrayal in the film the VCDL members had immediately begun responding to Couric s question.In the filing, the VCDL, Daniel L. Hawes, Esq., and Patricia Webb allege that the filmmakers knowingly and maliciously manufactured the fictional exchange by splicing in footage that the filmmakers took surreptitiously after telling the interviewees to be silent for ten seconds so that recording equipment could be calibrated. The filing also contains side-by-side screenshots of the film s footage of the VCDL members and anti-gun advocates, alleging that the filmmakers manipulated lighting to cast shadows on the VCDL members and to make them appear sinister and untrustworthy.  We were horrified to see how Couric and her team manipulated us and the video footage to make us look like fools who didn t stand up for the Second Amendment,  said Mr. Philip Van Cleave, President of the VCDL.  We want to set the record straight and hold them accountable for what they ve done. You shouldn t intentionally misrepresent someone s views just because you disagree with them. The lawsuit, filed in federal court (United States District Court for the Eastern District of Virginia  Richmond Division), seeks $12 million in compensatory damages, plus punitive damages. The VCDL, Mr. Hawes, and Ms. Webb are represented by Tom Clare, Libby Locke, and Megan Meier of Clare Locke LLP, a boutique law firm specializing in defamation litigation. The fraud committed by Couric and Soechtig should be a career ender for both women, who have been unashamed of their behavior.What is not yet known is if Couric, Soetchtig, and one of their producers will face federal gun crimes criminal charges for obvious felonies they committed in Arizona while making the anti-gun film. Soechtig has now twice confessed (on video and in writing) to committing federal felony crimes that should lead to criminal charges against at least her and the Colorado producer (believed to be Kanau), along with any other Under the Gun staff/producers who took part in the conspiracy to make these clearly illegal interstate sales.ATF Phoenix Special Agent in Charge (SAC) Thomas Atteberry and Assistant Special Agent in Charge (ASAC) Mickey D. Leadingham have little recourse other than to start an investigation into the confessed crimes.You can read the defamation case against Couric here (PDF).Among other things, the complaint alleges that,  The Defendants manipulated the footage in service of an agenda: they wanted to establish that there is no basis for opposing universal background checks by fooling viewers into believing that even a panel of pro-Second Amendment advocates could not provide one. The Defendants intentionally disregarded the truth of the actual exchange that had taken place and took at least six intentional steps to manufacture a fictional exchange to support their agenda. In addition to editing footage of VCDL members, the suit alleges that Soechtig s film crew used lighting tricks to make VCDL members look shadowed and sinister, while favoring gun control supporters with much more flattering lighting.For entire story: Bearing ArmsHere is a clip showing how Katie Couric edited  Under the Gun  to make gun owners look like they don t have an answer to what she has framed as an  unanswerable  question: ",left-news,"Sep 13, 2016"
" WATCH: Morning Joe Host Tells Kellyanne Conway To Go F*ck Herself, BANS Her From Show","Kellyanne Conway is definitely going to whine about this.CNN may have reversed their ban on Kellyanne Conway, but if Mika Brzezinski has her way, she won t ever be able to spread her lies on Morning Joe again.In the latest backlash against Donald Trump, the Morning Joe host declared that Kellyanne Conway will not be booked on the MSNBC program ever again because or her constant lies in defense of her tyrannical boss. I know for a fact she tries to book herself on this show,  Brzezinski said on the air.  I won t do it. I don t believe in fake news or information that is not true. That is   every time I ve ever seen her on television something is askew, off, or incorrect. Indeed, Kellyanne Conway lies so much on every media outlet she appears on it s a wonder her nose hasn t grown like Pinocchio s.Ever since she joined Trump s campaign she has been whining about how the media covers Trump and has insisted that her lies are the truth. Fact-checkers have had to work overtime to make sure the American people know that she is lying.Joe Scarborough opined that Conway lies because she isn t as close with Trump as shes says she is. She s just saying things just to get in front of the TV to prove her relevance because behind the scenes she s not in these meetings and any reporter can ask anybody in that White House and they will say the same thing. She s not in these meetings. So why does the president allow her to keep going out and spreading false information? Apparently, Trump is hoping that if Kellyanne Conway keeping repeating the lies that Americans will accept them as the truth.But Mika Brzezinski refuses to take part in that effort, so she made it very clear that Conway will not be invited on to Morning Joe as long as she is hosting. Kellyanne Conway does not need to text our show, as long as I m on it,  Brzezinski said.  It s not happening here. Here s the video via YouTube.Conway has been an embarrassment since day one. Her most recent embarrassments include peddling Ivanka Trump s product line in violation of federal ethics rules and making up a terrorist attack in Bowling Green, Kentucky in defense of Trump s travel ban. Beyond that, she fumbles so much that we ve lost count.The media should ban Conway from appearing on all shows across the board. All she does is spread propaganda and false information, and if Scarborough is right that she really doesn t know what s going on inside the White House then she shouldn t be considered a source worthy of interviewing.Featured image via screenshot",News,"February 15, 2017"
BREAKING: MYSTERIOUS METAL OBJECT Flings Out Of Hillary’s Pant Leg During Apparent Convulsion Or Seizure [Video], ,politics,"Sep 11, 2016"
KARMA! BIRTHDAY BOY BILL CLINTON HECKLED BY KIDS ON THE GOLF COURSE,"SO YOUR HUSBAND TURNS 69 If he s Bill Clinton he gets heckled by a bunch of kids on the golf course and your spouse doesn t show for the celebration. KARMABill Clinton was heckled by kids for taking too long between shots at his golf-filled 69th birthday.The ex-president, who has started his two-week vacation in the Hamptons without wife Hillary, who s on the campaign trail, sported neon pink sneakers and a matching hat at Montauk Downs State Park golf course Tuesday. He also played a round of mini-golf at Puff  n  Putt with his niece and nephew, who looked around 8 and 10.Although they had  a lot of Secret Service  in tow, Clinton took the time to talk to a vet and his children, ages 4, 9 and 11. But  One of the little kids didn t know who Clinton was and got impatient with his chat, saying,  Come on, it s your turn.  He played two holes with them and took photos. Via: NYP69TH BIRTHDAY ATTENDED BY EVERYONE BUT HILLARYBill Clinton celebrated his 69th birthday in East Hampton Tuesday. The former president hit beachy Mexican joint Blue Parrot with 10 guests, including rocker Jon Bon Jovi, and other friends, who were seated at a long table among other diners. While Hillary was busy campaigning and daughter Chelsea is in Sardinia, Italy, with husband Marc Mezvinsky, spies say  extended family  attended the bash. Clinton, who ended his diet of McDonald s and proclaimed himself a vegan a few years ago, stuck to healthier  salads and vegetables,  says a spy.  It looked like a cozy, happy night.  Bon Jovi is an investor in the restaurant, along with Ren e Zellweger, Larry Gagosian and Ronald Perelman.",politics,"Aug 21, 2015"
" Paul Ryan Sharpens His Backstabbing Knife, Prepares War With White House (VIDEO)","During Donald Trump s meltdown during his rally in Phoenix Tuesday evening, he threatened to shut down the government unless Congress funds his border wall. The former reality show star launched a rant which was so insane that people are starting to question whether he s fit to hold office. We re pretty sure that House Speaker Paul Ryan is wondering that, too, after Trump s screamy-ragey speech.On Wednesday, House Speaker Paul Ryan (R-WI) said he doesn t  think a government shutdown is necessary,  however, we ve noticed that when the Republican leader says something in stark contrast to Trump s rhetoric, he never says it to his face. Like, for example, when he tweeted his denouncement of the Nazis who marched in Trump s name in Charlottesville, Virginia, with one of them murdering Heather Heyer, 32, and injuring 19 others, he failed to tag @RealDonaldTrump.But anyway, Ryan said during a press conference in Hillsboro, Oregon,  I don t think a government shutdown is necessary, and I don t think most people want to see a government shutdown, ourselves included. Ryan continued to say that  Congress in the House has already done its work on this issue  and left it up to the Senate. Given the time of year it is, and the rest of the appropriations we have to do, we re going to need more time to complete our appropriations process, particularly in the Senate,  he said.Talking Points Memo reports:Trump on Tuesday night suggested he would push to tie funding for his proposed border wall to a government spending bill Congress must pass in the fall to avert a shutdown. I don t think anyone s interested in having a shutdown. I don t think it s in our interest to do so,  Ryan added.  I don t think you have to choose between the two. Watch:.@SpeakerRyan: ""I don't think a government shut down is necessary, and I don't think most people want to see"" one. https://t.co/9ZBdrCglu6 pic.twitter.com/ClqY5NAABp  This Week (@ThisWeekABC) August 23, 2017Perhaps Ryan should have  a sit down with Trump and explain to him what happens during a government shutdown. On the other hand, Trump doesn t seem to care about very much. Ryan is trying to distance himself from the very president he supports. He s playing it safe, knowing full well that Trump won t last much longer in office. Ryan wants to come out of the madness with his hands clean so he can say,  Hey, I called Trump out  without actually calling him out. That said, he s going to have a battle on his hands to keep the government open and it looks like he s ready for that. We re certain several of his Republican colleagues would back him up on that.Image via screen capture. ",News,"August 23, 2017"
DIRTY POOL! FBI AND DOJ Just Affirmed They Spied On Trump WITHOUT Proving Dossier’s Authenticity,"How dirty is this? The powers-that-be at the intelligence agencies didn t follow the proper channels before opening up spying on the Trump campaign! They needed proof that the Trump dossier is authentic but never received that proof. They moved forward with the spying anyway! What dirty rats these Democrats are!FBI and Justice Department officials have told congressional investigators in recent days that they have not been able to verify or corroborate the substantive allegations of collusion between Russia and the Trump campaign outlined in the Trump dossier.The FBI received the first installment of the dossier in July 2016. It received later installments as they were written at the height of the presidential campaign, which means the bureau has had more than a year to investigate the allegations in the document.The dossier was financed by the Hillary Clinton campaign and compiled by former British spy Christopher Steele.An August 24, 2017 subpoena from the House Intelligence Committee to the FBI and Justice Department asked for information on the bureau s efforts to validate the dossier. Specifically, the subpoena demanded  any documents, if they exist, that memorialize DOJ and/or FBI efforts to corroborate, validate, or evaluate information provided by Mr. Steele and/or sub-sources and/or contained in the  Trump Dossier. According to sources familiar with the matter, neither the FBI nor the Justice Department has provided documents in response to that part of the committee s subpoena. But in face-to-face briefings with congressional staff, according to those sources, FBI and DOJ officials have said they cannot verify the dossier s charges of a conspiracy between the Russian government and the Trump campaign.Read more: WE",politics,"Nov 20, 2017"
 Heckler Screams ‘F*ck Hillary’ At Clinton Rally – And She Just Laughs At Him (VIDEO),"Sometimes you ve got to laugh   especially if you re the Democratic nominee, who is currently facing down a level of unbridled hatred that rivals all previous presidential candidates with the exception of Barack Obama. Recently, Hillary contracted pneumonia   or, if you listen to our friends on the Right, she s on her deathbed and completely unfit to serve as President because reasons. The downright comical reaction to this, coupled with the numerous right-wing anti-Hillary witch hunts like Benghazi and the manufactured controversy over her emails, is enough to give one a chuckle   but it s even more fun when one of the ignoramuses who subscribe to such ridiculous notions stops by one of her rallies to tell the Democratic nominee how he really feels about her.As Hillary spoke to a crowd in Greensboro, North Carolina, a heckler screamed: F*ck Hillary. Hillary s reaction was priceless. As the crowd cheered for her and  Hillary  chants broke out, a grin formed on the face of the former Secretary of State, quickly turning into a chuckle then a full-blown laugh. Now, I just want to have a conversation and other people can wave their arms and their signs,  she said after the moment passed, going back into her speech like nothing happened as the heckler was escorted out.Interestingly, she didn t order her supporters to attack the man. She didn t lash out, she didn t insult him. She respected his right to display a dissenting opinion. This is something you would never see at a Trump rally, where the 2016 nominee s  basket of deplorables  regularly beat protesters   especially the elderly and minorities   senseless for expressing themselves.Vote for the candidate who can keep her cool in November   the future of our nation depends on it.Watch the incident below: Featured image via screen capture",News,"September 15, 2016"
DELUSIONAL HILLARY Calls Her Email Scandal The “Biggest Nothing-Burger Ever”…”They covered It Like It Was Pearl Harbor” [Video],"Hillary Clinton continues on the path to complete and total denial. #CODECON 2017 included a blah, blah, blah session by Clinton. She spews ridiculous victimhood it s embarrassing!  Nobody said don t do this https://www.youtube.com/watch?v=9_nKOL4h0iUThis woman needs to go off into the woods for another walk. ",politics,"May 31, 2017"
PUTIN ACCUSES U.S. Of Leaking Flight Path Of Russian Plane Shot Down By Turkey…Turkey Buying ISIS Oil,"Countdown until Obama is OUT OF OFFICE: 347 days 8 hours 29 minutes 30 secondsPresident Vladimir Putin said on Thursday that Russia had given prior information to the United States of the flight path of the plane downed by Turkey on the Syrian border. The American side, which leads the coalition that Turkey belongs to, knew about the location and time of our planes  flights, and we were hit exactly there and at that time,  Putin said at a joint press conference with French counterpart Francois Hollande in the Kremlin. Putin said the Russians had given prior information to the U.S. of the flight path of the plane   but the U.S. had  leaked  the information to Turkey.Ahead of the Hollande talks, Putin and Turkish President Recep Tayyip Erdogan traded barbs, with the Russian leader saying he was waiting for an apology and Erdogan ruling out any such move.President Recep Tayyip Erdogan says Turkey s right to protect its borders must be respected, after the military shot down a Russian plane on the Syrian border for allegedly violating its airspace.Putin on Thursday dismissed as  rubbish  Turkey s claim that it would not have shot down the jet if it had known it was Russian. They [our planes] have identification signs and these are well visible,  Putin said.  Instead of [ ] ensuring this never happens again, we are hearing unintelligible explanations and statements that there is nothing to apologise about. Putin has also accused Turkey of buying oil from the Islamic State jihadist group, whose financing heavily relies on the sale of energy resources.Putin said there was  no doubt  that oil from  terrorist-controlled  territory in Syria was making its way across the border into Turkey. We see from the sky where these vehicles [carrying oil] are going,  Putin said.  They are going to Turkey day and night. These barrels are not only carrying oil but also the blood of our citizens because with this money terrorists buy weapons and ammunition and then organise bloody attacks,  he added.Via: Yahoo",Government News,"Nov 27, 2015"
POWERFUL! FORMERLY OPPRESSED EX- MUSLIM WARNS Ignorant Americans About Danger Of “Welcoming The People I Fled From” [VIDEO],"A former Muslim and Donald Trump supporter who fled Islam-controlled Kuwait years ago has a warning for Americans this election cycle.Sarah, an ex-Muslim who bravely denounced Islam at a Milo Yiannopoulos speech, said she would absolutely hate it if America started to embrace Islamic culture, the exact culture which led her to flee her native country.She suggested that if American women want to support this oppressive lifestyle, they should go there to experience it. In a nutshell, she s saying,  don t bring it here she came here to escape the intolerance and submissive lifestyle. They [western feminists]show me they really don t care about me by welcoming my attackers into the place that I now call home.' ***Language warning*** I found home in America and I would really hate it if the values that made me find America as my home would be destroyed, so I m with the Trump campaign, I m with the Republican campaign. Keep people out of America that would change America for what we love it for and Milo is just another part of that which is why I support him,  Sarah said.Sarah said she fled Kuwait after her  very Muslim husband  told her that getting a college degree would do nothing for her because she is a woman. If you want to learn about something, go and learn about it,  Sarah said of Americans who are embracing Islam.  You re more than welcome. Become a hostage in Saudi Arabia. Maybe that ll teach you something.  Via: American Lookout ",politics,"Oct 4, 2016"
" Christie Goes Ballistic On Cruz For ‘Awful, Selfish Speech’","Chris Christie went ballistic on Ted Cruz Wednesday night following the Texas senator s failure to endorse Donald Trump during his speech at the Republican National Convention. It was an awful, selfish speech by someone who tonight, through the words he said on that stage, showed everybody why he has richly earned the reputation that he has on Capitol Hill,  Christie declared angrily.The New Jersey governor wasn t the only one who was less than pleased with Cruz and his refusal to endorse Trump, who has now officially secured the Republican nomination. During Cruz s speech, the crowd chanted  Endorse Trump, Endorse Trump!  and then erupted in a chorus of boos when that endorsement never came. If you love our country and love your children as much as I know that you do, stand and speak and vote your conscience,  Cruz said during his prime-time speech at the RNC on Wednesday night.  Vote for candidates up and down the ticket who you trust to defend our freedom and to be faithful to the Constitution. Christie slammed Cruz for his dramatic words: I don t understand how someone can present themselves as a person of integrity and then come into this room tonight and give that cute speech. And that was cute. Speaking with CNN, Christie said spoke of the crowds reaction to Cruz s steadfast refusal to throw his support behind Trump. The crowd was waiting for him to do the right thing,  the governor said of Cruz.  I think the performance you saw there is why Ted has so richly deserved the reputation he s developed. Cruz isn t the only former Republican presidential hopeful that has chosen not to endorse Trump, even though they signed the pledge saying they would support whoever ended up winning the nomination. Jeb Bush, Carly Fiorina, and John Kasich have also refused to back The Donald. But Christie pointed out that they are not in the room tonight. The fact is: He came into this room today and then did not keep his word,  the New Jersey governor said.Watch Christi s interview with CNN here:[youtube https://www.youtube.com/watch?v=giZGaFjxb8g]Featured image via Alex Wong/Getty Images",News,"July 21, 2016"
 Sarah Palin: My Husband Nearly Dying Made Me Realize How Important It Was To Elect Trump (VIDEO),"Just as Sarah Palin was set to deliver another pro-Trump stump speech, the one-time Republican vice presidential candidate learned that her husband, Todd, had been involved in a serious snowmobile accident in Alaska and was in bad condition in the Intensive Care Unit. She cancelled one event, but didn t go home. Instead, she returned to the campaign trail that same day and delivered one of the most pathetic endorsements of Trump yet. She even found a way to exploit her husband. it was painful to watch.It almost makes you feel bad for Todd Palin. Lying in his hospital bed, watching his wife use his moment of need to promote the guy she thinks will keep her relevant.Never one to let a family crisis go to waste (remember when she managed to turn her son s brutal beating of his girlfriend into a critique of Obama?), Palin told the gathered Trump crowd that the experience of learning her husband almost died made her immediately realize how important her time was   and that she needed to spend it getting Trump elected.The audience went wild.Incoming word salad (recorded verbatim): Yeah, good to be here. Thawed out and little Alaskas. Literally  thawed out. Just before I got on a flight to get out here, he s out ice fishing on our frozen lake and my husband s out snow machinin  and thank you guys for your prayers for my husband who is recovering right now in ICUS after a little wreck on a snow machine. So thank you. Big wreck. Thank you. But, you know, when real life happens, right? When someone is sick in your family, there s an accident that happens, all these challenges, these struggles in your business, in your family, with your finances, tryin  to get your kids to be able to afford to go to college, all these real life issues that happen, it really puts things into perspective, doesn t it? And doesn t it make you so appreciate your time   time is our most valuable resource. It makes me appreciate the time that we have to spend in doing something so worthy. And that s to get Donald J. Trump elected president.When Palin learns her husband is badly injured, she takes the experience to appreciate how important it is for her to shill for Donald Trump. That really does put things into perspective, doesn t it? Palin: Todd s Accident Made Me Appreciate the  by tommyxtopherFeatured image via Fox10 screengrab",News,"March 14, 2016"
STEVE JOBS’ WIDOW ANNOUNCES SUPPORT FOR “Revolutionary” HILLARY On Same Day Hillary’s Busted For Faking This…,"You d think she d know a thing or two about email servers and at a minimum, question Hillary s integrity Apple founder Steve Jobs  widow Laurene has told of her admiration for Democratic White House front-runner Hillary Clinton.Ms Jobs, 51, called former First Lady Hillary a  revolutionary  woman, and added that it s not just because she s a woman   but  the type of woman she is .Speaking to Time 100, Ms Jobs said:  Hillary Clinton is not familiar. She is revolutionary. Not radical, but revolutionary: The distinction is crucial. She is one of America s greatest modern creations. Her decades in our public life must not blind us to the fact that she represents new realities and possibilities. Indeed, those same decades have conferred upon her what newness usually lacks: judgment, and even wisdom. Oops wrong picture! It matters, of course, that Hillary is a woman. But what matters more is what kind of woman she is. Mrs Clinton announced her intention to seek the Democratic nomination on Sunday   and set upon the campaign trail with a trip to meet  ordinary  voters in Iowa.But she was blasted for her  staged  visit on Tuesday morning to a coffee shop in LeClaire, Iowa.Austin Bird, one of the men pictured sitting at the table with Mrs Clinton, claimed the whole event was orchestrated  from beginning to end .Bird told Daily Mail Online that campaign staffer Troy Price called and asked him and two other young people to meet him Tuesday morning at a restaurant in Davenport, a nearby city. Price then drove them to the coffee house to meet Clinton after vetting them for about a half-hour.The three got the lion s share of Mrs. Clinton s time and participated in what breathless news reports described as a  roundtable  the first of many in her brief Iowa campaign swing. Bird himself is a frequent participant in Iowa Democratic Party events. He interned with President Obama s 2012 presidential re-election campaign, and was tapped to chauffeur Vice President Joe Biden in October 2014 when he visited Davenport. What happened is, we were just asked to be there by Troy,  Bird said Wednesday in a phone interview. We were asked to come to a meeting with Troy, the three of us, at the Village Inn. The other two, he confirmed, were University of Iowa College Democrats president Carter Bell and Planned Parenthood of the Heartland employee Sara Sedlacek. It was supposed to be a strategy meeting,  Bird recalled,  to get our thoughts about issues. But then all of a sudden he says,  Hey, we have Secretary Clinton coming in, would you like to go meet her? And then we got in a car   Troy s car   and we went up to the coffee house, and we sat at a table and then Hillary just came up and talked with us. Bird said  we all were called. I mean, Troy asked us all to do   to go to a meeting with him. And we didn t really know what it was about. I mean, he did. He knew. Via: UK Daily Mail",politics,"Apr 16, 2015"
 Dem Challenger To Paul Ryan Has Raised A Massive Amount Of Money In The Last 24 hours,"Randy Bryce, known as @IronStache on Twitter, launched a campaign to oust Paul Ryan from Wisconsin s 1st District. Bryce is a union ironworker who has been campaigning for all of one day, and he s already raised $100,000. That is a lot for a new face who s a Democrat living in Republican-land and running in a district that s gone to Paul Ryan every two years since 1999.Bryce isn t just a union ironworker in Republican-land, Wisconsin, though. He s an Army veteran who enlisted right after high school, and then worked his way up to being an ironworker through apprenticeship. His mother suffers from multiple sclerosis, his father is in an assisted living facility, and Randy himself is a cancer survivor. He s campaigning primarily on healthcare right now, and he says on his website: What Paul Ryan and the Republicans are doing to take health care away from millions of us, to make it cost more and cover less, and to allow the protections we ve gained to be stripped away   it s just unacceptable. Bryce has an uphill battle to fight. Ryan is very well-connected both in the 1st District and across America. However, Bryce will work to tie Ryan to Donald Trump as much as possible, working off Democrats  hopes that the Trump effect will help flip Congress next year.But it may not be that terrible a climg. Paul Ryan is already wildly unpopular around the country, with an approval rating below 30 percent. That could very well pull down his popularity in his own district. He s also starting to get a reputation for making every excuse in the book for Trump. Regarding obstruction of justice, Ryan lamely claimed that Trump is new and doesn t know what s appropriate and what s not when it comes to interacting with various agency heads, particularly those in the law enforcement and intelligence communities. Ryan gave him a pass as though he s a little child navigating his way through the world for the first time.He s also confident that Trump will approve of the massively unpopular GOP healthcare bill whatever form that ends up taking and once again blasted the ACA while claiming that their bill is ever so much better.Ryan is almost inextricably linked to Trump right now, and as Trump s base shrinks, so will Ryan s. What Bryce is doing and clearly, what many are hoping he can do is taking advantage of the possibility that a hole will open up in the 1st District because of Trump.Featured image via Win McNamee/Getty Images",News,"June 21, 2017"
 ‘Drain The Swamp’ Trump Is Now Doing White House Ads For Corporate America (VIDEO),"A White House press release which congratulated Exxon Mobil Corp. for its recent investment in U.S. manufacturing appears to be copied from a paragraph from the oil company s own release, CNN s Jake Tapper reported Monday. It s straight up plagiarism, word for word. That draining the swamp of  special interests,  Washington insiders, and lobbyists isn t working out too well, is it?White House press release plagiarizes paragraph from Exxon press release. pic.twitter.com/hHEKVWUsDn  Jake Tapper (@jaketapper) March 6, 2017Both releases read,  ExxonMobil is strategically investing in new refining and chemical-manufacturing projects in the U.S. Gulf Coast region to expand its manufacturing and export capacity. The company s Growing the Gulf expansion program, consists of 11 major chemical, refining, lubricant and liquefied natural gas projects at proposed new and existing facilities along the Texas and Louisiana coasts. Investments began in 2013 and are expected to continue through at least 2022. But it gets worse. Trump pretty much just gave a shout out to Exxon Mobil Corp. in an ad released on Twitter to his 26.1 million followers.There is an incredible spirit of optimism sweeping the country right now we're bringing back the JOBS! pic.twitter.com/BNSLvKiEVj  Donald J. Trump (@realDonaldTrump) March 6, 2017After campaigning on  Drain the Swamp  as his tagline, Trump filled his cabinet up with terrifying swamp creatures such as secretary of state Rex Tillerson who previously served as the CEO of Exxon Mobil from 2006 to 2016. Tillerson had to leave his position with the company in order to go through the Senate confirmation process for the post.During his confirmation hearing, Tillerson said,  I have never lobbied against [Russian] sanctions personally,  Tillerson said.  To my knowledge, Exxon never directly lobbied against sanctions.  That s not true, though.Trump campaigned on working for the middle class, those who possibly felt forgotten and shifted toward the back burner. Instead, he wants to lower tax rates on the wealthiest, eradicate Obamacare, rape the environment, ban Muslims from entering our borders (you can put pretty words on an executive order but it is what it is), and he s making a huge profit from his alleged presidency. Trump is in this for Trump and no one else. He d kick a puppy in the face if he and/or his billionaire buddies could profit from it.Image via screen capture. ",News,"March 6, 2017"
BOOM! TOMI LAHREN’S Top Tips For Liberals In 2017 [VIDEO], ,politics,"Dec 31, 2016"
DISMISSED: Trump Fires Scandal Plagued FBI Director James Comey – What Does It Mean?,"21st Century WireUS President Donald Trump has accepted a recommendation to  dismiss  FBI director James Comey. Was this a reprisal for the suddenly widened Russia-gate probe into the White House or was there something else at play within the operations of the deep state?Comey was at the center of a political controversy over much of the last year during the US presidential election cycle in 2016, and well into 2017. Throughout 2016, the former FBI director opened, closed and reopened (only to close again) a probe into Hillary Clinton, her email server and looking into accusations leveled at the Clinton Foundation, while also entertaining a dubious Russian probe into the Trump administration alleged  connections to Russia  that helped mine various stories, including a so-called  dossier  regarding the newly elected president in early 2017.In recent years, there have been many highly questionable actions under Comey s leadership at the FBI, such as the Orlando nightclub shooting incident   who s main suspect was previously interviewed by the FBI, as well as a highly questionable  ISIS inspired  shooting event in Garland, Texas linked to an FBI informant case run out of Phoenix, Arizona, and the federal agency s dramatic encroachment on public privacy following a suspicious San Bernardino mass shooting.  These are only just a few examples Grabien News highlights a list of scandals that were either attached to Comey or perpetuated under his watch: Here are 10 of Comey s biggest embarrassments at the FBI:1. Before he bombed the Boston Marathon, the FBI interviewed Tamerlan Tsarnaev but let him go. Russia sent the Obama Administration a second warning, but the FBI opted against investigating him again.2. Shortly after the NSA scandal exploded in 2013, the FBI was exposed conducting its own data mining on innocent Americans; the agency, Bloomberg reported, retains that material for decades (even if no wrongdoing is found).3. The FBI had possession of emails sent by Nidal Hasan saying he wanted to kill his fellow soldiers to protect the Taliban   but didn t intervene, leading many critics to argue the tragedy that resulted in the death of 31 Americans at Fort Hood could have been prevented. 4. During the Obama Administration, the FBI claimed that two private jets were being used primarily for counterterrorism, when in fact they were mostly being used for Eric Holder and Robert Mueller s business and personal travel. 5. When the FBI demanded Apple create a  backdoor  that would allow law enforcement agencies to unlock the cell phones of various suspects, the company refused, sparking a battle between the feds and America s biggest tech company. What makes this incident indicative of Comey s questionable management of the agency is that a) The FBI jumped the gun, as they were indeed ultimately able to crack the San Bernardino terrorist s phone, and b) Almost every other major national security figure sided with Apple (from former CIA Director General Petraeus to former CIA Director James Woolsey to former director of the NSA, General Michael Hayden), warning that such a  crack  would inevitably wind up in the wrong hands.6. In 2015, the FBI conducted a controversial raid on a Texas political meeting, finger printing, photographing, and seizing phones from attendees (some in the group believe in restoring Texas as an independent constitutional republic).7. During its investigation into Hillary Clinton s mishandling of classified material, the FBI made an unusual deal in which Clinton aides were both given immunity and allowed to destroy their laptops. 8. The father of the radical Islamist who detonated a backpack bomb in New York City in 2016 alerted the FBI to his son s radicalization. The FBI, however, cleared Ahmad Khan Rahami after a brief interview. 9. The FBI also investigated the terrorist who killed 49 people and wounded 53 more at the Pulse Nightclub in Orlando, Fla. Despite a more than 10-month investigation of Omar Mateen   during which Mateen admitting lying to agents   the FBI opted against pressing further and closed its case. 10. CBS recently reported that when two terrorists sought to kill Americans attending the  Draw Muhammad  event in Garland, Texas, the FBI not only had an understanding an attack was coming, but actually had an undercover agent traveling with the Islamists, Elton Simpson and Nadir Soofi. The FBI has refused to comment on why the agent on the scene did not intervene during the attack. It s important to remember that Comey is not the only FBI director who bears responsibility for the controversial aspects of 2013 s Boston Bombing. Under FBI director Robert Mueller  Tamerlan Tsarnaev came to the attention of the FBI on at least two occasions  prior to allegedly being involved in what many researchers have described as a false flag terror event in Boston. A questionable event that has arguably been used as a pretext to further clamp down on individual rights in the US.We should also be reminded that the FBI has been routinely caught foiling their very own terror plots  over the past several years.In recent years, the investigative tactics of various intelligence agencies have come into question, none perhaps more dubious then the Newburgh FBI sting that involved entrapping four men to participate in a fabricated event created by the bureau. Here s a 2011 passage from The Guardian describing how an FBI informant named Shahed Hussain coerced four others into a fake terror plot: The  Newburgh Four  now languish in jail. Hussain does not. For Hussain was a fake. In fact, Hussain worked for the FBI as an informant trawling mosques in hope of picking up radicals.Yet far from being active militants, the four men he attracted were impoverished individuals struggling with Newburgh s grim epidemic of crack, drug crime and poverty. One had mental issues so severe his apartment contained bottles of his own urine. He also believed Florida was a foreign country.Hussain offered the men huge financial inducements to carry out the plot   including $250,000 to one man   and free holidays and expensive cars.As defence lawyers poured through the evidence, the Newburgh Four came to represent the most extreme form of a controversial FBI policy to use invented terrorist plots to lure targets.  There has been no case as egregious as this. It is unique in the incentive the government provided. A quarter million dollars?  said Professor Karen Greenberg, a terrorism expert at Fordham University. The reputation of the FBI has suffered greatly in the recent past as well as over the past couple of decades. Incidentally, the FBI is on record as  handling Emad A. Salem, a former Egyptian army officer who was a prized undercover operative thrust into confidential informant status and person who played a key role in the 1993 WTC bombing.All of this has happened under the watchful eye of the FBI   SWORN-IN    FBI director James Comey sworn in by former DOJ head Eric Holder. (Image Source: thewhitehousespin)Over last summer, 21WIRE observed some curious connections between the Clinton Foundation and FBI director James Comey, as well as his questionable handling of other cases related to the Clinton family. Here s the following passage to consider in light of the new information related to the Clinton investigation: Many will also be unaware that before Comey was installed by the Obama Administration as FBI Director, he was on the board of Director at HSBC Bank   a bank implicated in international money laundering, including the laundering of billions on behalf of international drugs and narcotics trafficking cartels.Forbes also points out where Comey was also at the key choke-point during the case involving dodgy auditor KPMG which followed on by the HSBC criminal case: If Comey, and his boss Attorney General Alberto Gonzalez, had made a different decision about KPMG back in 2005, KPMG would not have been around to miss all the illegal acts HSBC and Standard Chartered SCBFF +% were committing on its watch. Bloomberg reported in 2007 that back in June of 2005, Comey was the man thrust into the position of deciding whether KPMG would live or die for its criminal tax shelter violations. Is this just a surface effort by the White House to clean the slate for an agency perpetually embroiled in controversy?More from RT below Trump fires FBI Director James ComeyRT The FBI is one of our Nation s most cherished and respected institutions and today will mark a new beginning for our crown jewel of law enforcement,  said President Trump. While I greatly appreciate you informing me, on three separate occasions, that I am not under investigation, I nevertheless concur with the judgment of the Department of Justice that you are not able to effectively lead the Bureau,  Trump told Comey in a letter.The letter announcing the termination was hand-delivered to FBI headquarters by Keith Schiller, a Trump security aide, according to several reports citing a White House official.A search for a new permanent FBI Director will begin immediately.The firing of Comey comes days after he testified to Congress on investigations into alleged Russian meddling in the 2016 US election.RT continues here READ MORE FBI NEWS AT: 21st Century Wire FBI Files",Middle-east,"May 10, 2017"
“STOP BLAMING WHITE PEOPLE For Trump’s Win Last Night…America Voted For Actual Change” [VIDEO],"Stop blaming white people for Trumps win last night. America voted for actual change. pic.twitter.com/UlISJcOIIg  Stacy Washington (@StacyOnTheRight) November 9, 2016",left-news,"Nov 9, 2016"
